,ds,trend,yhat_lower,yhat_upper,trend_lower,trend_upper,additive_terms,additive_terms_lower,additive_terms_upper,weekly,weekly_lower,weekly_upper,yearly,yearly_lower,yearly_upper,multiplicative_terms,multiplicative_terms_lower,multiplicative_terms_upper,yhat
0,2023-09-17,-498105.8859292682,630372.8509472875,694009.4188867895,-2863864.670895,1955123.9427299998,1157931.7951709386,-1293436.0280262118,3451561.254358924,1256662.1354912054,-1223067.5291549505,3463323.502378149,-98730.34032026665,-543438.0902180327,440138.92345851334,0.0,0.0,0.0,659825.9092416704
1,2023-09-24,-501958.27268978563,579673.9524331483,637511.8940225656,-2852922.3493177826,1954486.417898413,1110938.3187108845,-1345594.26902093,3453976.101372227,1256662.1354796574,-1223067.5291689667,3463323.5023672166,-145723.81676877302,-609235.2454575789,376101.2429602451,0.0,0.0,0.0,608980.046021099
2,2023-10-01,-505741.2158125665,595147.7366610537,654176.3444577486,-2857688.4979823316,1943530.9699427737,1131163.1950826636,-1323659.8758976262,3496733.965042544,1256662.1355018502,-1223067.5291321957,3463323.5023953277,-125498.94041918652,-577863.255962069,355059.87026496057,0.0,0.0,0.0,625421.9792700971
3,2023-10-08,-509524.15893534734,636798.634227523,693169.0385273866,-2862454.6466468805,1932575.5219871348,1172758.3355886214,-1261997.11515509,3531576.8249897743,1256662.1355116016,-1223067.5291326884,3463323.502395656,-83903.7999229802,-500900.4513987722,373406.02271056664,0.0,0.0,0.0,663234.1766532741
4,2023-10-15,-513298.6107199518,653055.2657178997,713510.7605586238,-2868449.373197628,1921311.4116486947,1195701.2861142673,-1231570.9792242434,3542540.160164289,1256662.135533795,-1223067.5290959189,3463323.5024237665,-60960.84941952759,-447977.0017995937,378486.9926671006,0.0,0.0,0.0,682402.6753943155
5,2023-10-22,-516936.5689321007,655533.1636805425,707676.6183722122,-2874250.5947583,1918307.9847732976,1201217.8327162575,-1248692.0537623572,3544270.9798327177,1256662.135488505,-1223067.529160723,3463323.5023737904,-55444.302772247356,-425455.2407537638,362473.52996008954,0.0,0.0,0.0,684281.2637841569
6,2023-10-29,-520574.5271442496,664500.3514894492,720446.999355901,-2880051.816318972,1912643.1888006849,1211223.7988792958,-1231657.426743084,3557921.55866633,1256662.135510698,-1223067.5291239521,3463323.502401901,-45438.33663140212,-391339.79478807724,357977.05711237225,0.0,0.0,0.0,690649.2717350463
7,2023-11-05,-524196.59982873284,682305.4080859021,737088.5043671943,-2884635.4550833665,1910703.7930510393,1229123.5186395757,-1213532.0027531742,3581710.8699828237,1256662.135486708,-1223067.5291752345,3463323.5023631863,-27538.616847132536,-355624.96377024753,348511.14300228714,0.0,0.0,0.0,704926.9188108428
8,2023-11-12,-527825.5744998812,682243.0777917114,736128.5556220121,-2889643.3152405964,1928399.6522056046,1236774.4128841034,-1215373.6062824223,3595775.277788613,1256662.1355089014,-1223067.5291384624,3463323.5023912974,-19887.722624798043,-330931.2573865231,334070.1247303464,0.0,0.0,0.0,708948.8383842221
9,2023-11-19,-531454.5491710297,670469.1763529335,725634.2163719621,-2894651.1753978264,1932218.050444103,1227467.990970471,-1216082.384951762,3593482.060338564,1256662.1355310944,-1223067.5291016912,3463323.502419409,-29194.144560623496,-327550.21455744037,313105.21198553784,0.0,0.0,0.0,696013.4417994412
10,2023-11-26,-534972.4689099927,663703.1593954281,713954.2215813843,-2899680.2956380155,1942194.043035479,1223312.602558836,-1253480.9219798055,3584830.832095383,1256662.1354858042,-1223067.5291664961,3463323.5023694322,-33349.532926968386,-307911.39797417854,289755.3207693643,0.0,0.0,0.0,688340.1336488434
11,2023-12-03,-538489.3303682319,681934.1143033019,734637.5605527358,-2899839.0412923116,1953093.9844126212,1246674.0136551638,-1237296.5161171004,3595684.827045788,1256662.1355079974,-1223067.5291297247,3463323.5023975433,-9988.121852833645,-266112.6824609307,263690.6857183914,0.0,0.0,0.0,708184.683286932
12,2023-12-10,-542006.1918264709,713076.279060436,759722.0428547376,-2893627.7238619057,1954784.688977743,1281148.6605787433,-1210624.5555503666,3631702.9479336534,1256662.135496449,-1223067.5291437423,3463323.502386611,24486.525082294225,-210695.1560039714,290733.50346999994,0.0,0.0,0.0,739142.4687522724
13,2023-12-17,-545600.4169779479,715884.2584677847,765701.2620512986,-2889262.8014699123,1942643.537466373,1278875.9870722801,-1208051.5281793645,3622008.0828130506,1256662.1355062008,-1223067.529144235,3463323.5023869392,22213.85156607964,-189817.90065712863,261443.47364621557,0.0,0.0,0.0,733275.5700943322
14,2023-12-24,-549030.1031022778,637737.0260058849,694044.7758145217,-2884686.59227614,1910360.837309626,1214962.9403307484,-1246584.0839832406,3552928.721870655,1256662.1354946522,-1223067.5291582525,3463323.502376007,-41699.195163903496,-231777.748252795,174430.89570045698,0.0,0.0,0.0,665932.8372284706
15,2023-12-31,-552453.8746049649,542093.7756494561,594063.829528386,-2880298.8743636687,1913019.5740549425,1125581.5300118402,-1320815.7274496085,3462946.651491279,1256662.1355168452,-1223067.5291214804,3463323.5024041175,-131080.60550500508,-306807.29365113255,59878.20132759755,0.0,0.0,0.0,573127.6554068753
16,2024-01-07,-555877.646107652,494336.59997599234,553394.3869541929,-2875911.1564511973,1898046.1737179775,1078599.133462448,-1367678.7116371642,3391629.3980224147,1256662.1355052965,-1223067.5291354985,3463323.502393185,-178063.00204284853,-327435.3228439719,-14240.877629358194,0.0,0.0,0.0,522721.4873547959
17,2024-01-14,-559263.3458875527,521250.8619004629,578893.0631152126,-2867055.9582829666,1899481.5005305042,1104687.0295451547,-1353615.0550776767,3388576.6911411854,1256662.1355274897,-1223067.529098727,3463323.5024212957,-151975.1059823353,-283964.2599000549,-16115.130354440022,0.0,0.0,0.0,545423.6836576019
18,2024-01-21,-562720.3442412196,572278.7645352245,628004.4439980356,-2853722.3426002627,1892182.5263801778,1166761.7115197743,-1282472.3279881426,3430065.5585563486,1256662.1354822,-1223067.5291635313,3463323.5023713205,-89900.42396242592,-204627.46311398403,30094.52068642198,0.0,0.0,0.0,604041.3672785547
19,2024-01-28,-566177.3425948863,607683.332905652,660244.1737652527,-2840388.7269175593,1881295.2435594196,1202982.0131124665,-1235641.9013788581,3457318.730889801,1256662.1355043934,-1223067.5291267612,3463323.502399432,-53680.12239192661,-146402.52461150623,45621.76705335072,0.0,0.0,0.0,636804.6705175802
20,2024-02-04,-569583.1305583187,595633.4601379398,649453.7816528913,-2827841.3333272664,1886036.2584357075,1193154.9647555856,-1253765.6503389939,3438122.6547927973,1256662.1355141448,-1223067.5291272542,3463323.5023997594,-63507.17075855897,-127407.54675616173,5290.9404586665105,0.0,0.0,0.0,623571.834197267
21,2024-02-11,-572871.7795994296,572224.8408255682,626538.5356400957,-2815062.759884266,1881152.337253748,1173102.7253883362,-1279261.4315072894,3403228.7542475997,1256662.1355025962,-1223067.5291412713,3463323.5023888266,-83559.41011425968,-133777.38555769858,-35850.63558220533,0.0,0.0,0.0,600230.9457889067
22,2024-02-18,-576160.4286405405,580701.7736613747,634550.4153972862,-2802284.1864412664,1866720.1469256398,1185556.403715129,-1252049.9851926262,3388881.019743663,1256662.1354910478,-1223067.529155287,3463323.5023778947,-71105.73177591871,-101387.75090253279,-40600.19912555504,0.0,0.0,0.0,609395.9750745886
23,2024-02-25,-579425.2191489381,622568.533046953,675703.7461198356,-2781606.483860431,1890417.5578507122,1230112.3872979898,-1231004.4824674318,3385709.8111267462,1256662.1355007996,-1223067.529155781,3463323.502378222,-26549.748202809784,-45729.06876259297,-7093.790037629253,0.0,0.0,0.0,650687.1681490517
24,2024-03-03,-582727.0716698118,662550.8235518973,714127.2080996373,-2760557.290550438,1923512.0255890458,1270059.7024890324,-1213389.2474183599,3401397.4037424857,1256662.1354892508,-1223067.5291697981,3463323.5023672897,13397.566999781418,-15993.510122956115,42232.868326868505,0.0,0.0,0.0,687332.6308192206
25,2024-03-10,-586010.8285834799,670218.2701100737,726505.3139522662,-2741214.6730140066,1942597.083523144,1280947.0882347373,-1237127.3161094463,3404470.8209988265,1256662.1355114442,-1223067.529133027,3463323.5023954012,24284.952723293343,-20528.034284083507,74096.05190306099,0.0,0.0,0.0,694936.2596512574
26,2024-03-17,-589294.5854971476,660452.4535881388,714987.4287794287,-2721872.0554775735,1945608.1489533735,1277308.0665992794,-1268299.2659413733,3391159.9413561113,1256662.135466154,-1223067.5291978302,3463323.502345424,20645.93113312538,-47305.70682121579,88128.9029061536,0.0,0.0,0.0,688013.4811021318
27,2024-03-24,-592621.3407577607,664702.4787794548,723939.3896886326,-2700698.988428272,1958734.737622932,1287261.7831382572,-1283488.8915251694,3380807.8425490665,1256662.1354883472,-1223067.5291610612,3463323.502373536,30599.647649910356,-62238.78440422303,124183.04832725087,0.0,0.0,0.0,694640.4423804965
28,2024-03-31,-595911.6105725925,696161.2297635393,747899.0585587093,-2677703.1256516417,1996776.2882466908,1312702.707634301,-1276917.5917905783,3403176.346992983,1256662.1355105399,-1223067.5291242902,3463323.502401647,56040.57212376106,-60286.76458089695,167338.76874780958,0.0,0.0,0.0,716791.0970617085
29,2024-04-07,-599201.8803874244,703263.684223868,754104.5881164336,-2684382.7255455395,2020919.1735797669,1328082.1669803716,-1292491.5098872788,3436801.6444297307,1256662.135498992,-1223067.5291383052,3463323.502390715,71420.03148137953,-72381.81372091947,195237.38406401058,0.0,0.0,0.0,728880.2865929472
30,2024-04-14,-602545.8060122766,689194.5621720888,743144.2816758866,-2711700.348348056,2017550.130657149,1317261.0074917248,-1292649.877636349,3454278.6564051784,1256662.1355424852,-1223067.529088012,3463323.502430086,60598.871949239896,-105075.6787926619,212877.18682731126,0.0,0.0,0.0,714715.2014794482
31,2024-04-21,-605891.8709626927,668348.825455892,727410.4619906999,-2728301.0433652927,2003416.0251775612,1297743.0557347336,-1309754.7905608572,3428647.04625127,1256662.1354971945,-1223067.5291528176,3463323.5023801094,41080.92023753912,-149129.21734877437,208509.0932510655,0.0,0.0,0.0,691851.1847720409
32,2024-04-28,-609237.9359131085,664329.209521443,714967.9815385444,-2724909.2653143196,2003164.643666721,1299526.8762969675,-1301599.9290181072,3402608.196918908,1256662.1355193881,-1223067.5291160452,3463323.502408221,42864.740777579565,-160671.25642795063,231536.48936172793,0.0,0.0,0.0,690288.940383859
33,2024-05-05,-612532.4175972064,688705.6137011127,745909.5052891956,-2709680.583621339,1978617.9855167177,1326381.763338703,-1274758.2300672561,3396282.557449745,1256662.1355078393,-1223067.5291300616,3463323.5023972886,69719.62783086361,-160093.4627983056,277920.663210762,0.0,0.0,0.0,713849.3457414965
34,2024-05-12,-615833.73019927,708848.5665154422,758534.9856550964,-2690121.3353762683,1932454.2172170582,1350504.3094953094,-1200683.7125994149,3410932.89159429,1256662.135496291,-1223067.52914408,3463323.5023863562,93842.17399901818,-163280.51359916636,314892.1022576884,0.0,0.0,0.0,734670.5792960394
35,2024-05-19,-619135.0428013336,704801.6519453685,751094.5956865204,-2691265.0286915954,1915257.5358609855,1347619.4012308007,-1187177.830194204,3429321.4909068346,1256662.1354847425,-1223067.5291580958,3463323.5023754234,90957.26574605826,-188365.3611395022,333773.5312364959,0.0,0.0,0.0,728484.3584294671
36,2024-05-26,-622527.1627120429,681508.0456531562,737497.4706890438,-2732863.4147514873,1904883.9449260407,1326889.61427059,-1198251.0602643995,3452492.2516113557,1256662.135494494,-1223067.5291585887,3463323.5023757513,70227.47877609581,-236019.95257797025,335724.528233808,0.0,0.0,0.0,704362.4515585471
37,2024-06-02,-625962.8689460305,670847.6149984776,716736.4592488382,-2806462.1780510712,1906896.1240052676,1317341.8440250645,-1216756.4971410576,3493170.154100516,1256662.1354829455,-1223067.5291726063,3463323.502364819,60679.70854211894,-266562.7891171666,334102.9530788181,0.0,0.0,0.0,691378.975079034
38,2024-06-09,-629398.5751800181,676755.477841371,728116.7631959257,-2880060.9413506556,1903435.1176097197,1329539.914939872,-1210969.5112623526,3561270.0502425656,1256662.1355051387,-1223067.5291358354,3463323.5023929295,72877.77943473321,-279731.773567296,376492.8456090121,0.0,0.0,0.0,700141.3397598539
39,2024-06-16,-632834.2814140057,681301.4483041235,735660.0330420929,-2953064.084067467,1894140.8232891925,1342852.4830463803,-1186172.5063035488,3651461.1313628224,1256662.1354598491,-1223067.5292006393,3463323.5023429543,86190.34758653138,-295545.7491713695,412631.42826616066,0.0,0.0,0.0,710018.2016323747
40,2024-06-23,-636269.9876479933,668041.5807424316,718491.1593363112,-2931029.762358124,1880806.301674091,1333932.2566860411,-1170915.9739666875,3658275.355289897,1256662.135503342,-1223067.5291503458,3463323.502382326,77270.12118269922,-324155.31065275485,436036.8021357766,0.0,0.0,0.0,697662.2690380479
41,2024-06-30,-639705.6938819808,637223.7619896467,695080.2198144508,-2938671.1334563447,1857489.418537347,1307486.8506789326,-1199214.7267161882,3636423.8536636154,1256662.1354917937,-1223067.5291643625,3463323.5023713936,50824.71518713882,-364449.83642231877,426242.75963148946,0.0,0.0,0.0,667781.1567969518
42,2024-07-07,-643141.4001159683,613942.0791104154,677927.2488876106,-2975980.992839569,1848293.227173753,1288394.5215698148,-1206279.767937099,3615906.7674863543,1256662.1355139867,-1223067.5291275918,3463323.502399504,31732.386055828025,-402068.9559899735,437154.5185853309,0.0,0.0,0.0,645253.1214538465
43,2024-07-14,-646577.1063499559,613717.7368098173,662999.9263295922,-2981169.163476299,1847195.0021775996,1287126.673466831,-1212316.727782996,3611587.6624650257,1256662.1355361796,-1223067.5290908213,3463323.5024276157,30464.53793065108,-431447.42680121073,466373.49728625297,0.0,0.0,0.0,640549.5671168751
44,2024-07-21,-650012.8125839436,607252.4169647255,663486.0868777917,-2943332.5991645283,1846096.777181446,1287219.2159546495,-1239156.9626671355,3572975.520848169,1256662.13549089,-1223067.529155624,3463323.5023776395,30557.080463759918,-465184.1708146536,496553.57071261713,0.0,0.0,0.0,637206.4033707059
45,2024-07-28,-653448.5188179312,594541.7891136988,649326.9485457955,-2889957.0621945667,1845796.34738486,1273661.642234853,-1247106.8562879404,3488883.4702691524,1256662.1355130828,-1223067.5291188536,3463323.5024057506,16999.506721769758,-519174.04704219237,497593.763972594,0.0,0.0,0.0,620213.1234169218
46,2024-08-04,-656884.2250519188,567894.1954209604,637681.6606337903,-2884416.128395864,1852964.594743006,1263025.7946538497,-1250321.5621802325,3485075.2241406264,1256662.1355015344,-1223067.5291328714,3463323.502394818,6363.659152315408,-534946.7152567252,484621.43288203067,0.0,0.0,0.0,606141.5696019309
47,2024-08-11,-660319.9312859064,525645.3838985027,732573.3332041457,-2876781.8189977603,1858651.1982617283,1288744.9319803794,-1272082.644291523,3606180.3077077987,1256662.1355112863,-1223067.5291333643,3463323.502395146,32082.796469093206,-438610.01150238974,450373.5172376265,0.0,0.0,0.0,628425.000694473
48,2024-08-18,-663755.6375198938,384825.4639799041,960528.1237290618,-2865179.5156003325,1865893.274098768,1352797.221953361,-1115977.8090508466,3397580.503363301,1256662.1354997375,-1223067.5291473814,3463323.5023842137,96135.08645362369,-212972.9515490684,379545.86564376875,0.0,0.0,0.0,689041.5844334672
49,2024-08-25,-667191.3437538815,181897.60563384416,1290044.3755910015,-2902201.800386301,1861529.9010716681,1405119.7735869633,-1049480.2018168569,3461842.9396958626,1256662.1355219306,-1223067.529110611,3463323.502412324,148457.63806503284,41252.72278135092,255861.9467743351,0.0,0.0,0.0,737928.4298330818
50,2024-09-01,-670627.049987869,-15049.864334949041,1594536.0229646333,-2952253.662367522,1857166.528044569,1385715.0246876564,-1100900.359759412,3491810.448584119,1256662.1355103822,-1223067.529124627,3463323.502401392,129052.88917727405,-131767.71522981735,373607.9454546003,0.0,0.0,0.0,715087.9746997874
51,2024-09-08,-674062.7562218566,-306581.11208159773,1758372.5365846986,-2937037.4076839373,1852052.6142534127,1288521.8723781835,-1193926.9371063781,3457672.516651867,1256662.135520134,-1223067.52912512,3463323.5024017203,31859.736858049742,-381337.96848990896,475116.553416427,0.0,0.0,0.0,614459.116156327
52,2024-09-15,-677498.4624558442,-550680.4170668302,1737172.8636263874,-2949723.4449480437,1858200.4888407819,1174128.574584228,-1272938.199019453,3454180.4603766147,1256662.1354748441,-1223067.5291899252,3463323.5023517446,-82533.56089061598,-523332.2116474193,450893.3529972437,0.0,0.0,0.0,496630.11212838383
53,2024-09-22,-680934.1686898319,-672856.7307848947,1654899.5953115507,-2971122.2275701105,1855296.5828880116,1113626.4097967192,-1341813.7256131745,3448073.128938671,1256662.1354970369,-1223067.5291531533,3463323.502379855,-143035.7257003178,-607145.8285800798,385157.5392376997,0.0,0.0,0.0,432692.24110688735
54,2024-09-29,-684369.8749238194,-620297.8594945753,1654878.1918326064,-2992497.0280660694,1851501.9523576817,1124384.5657446936,-1338032.0365754808,3488765.934460166,1256662.1354854887,-1223067.5291671706,3463323.5023689223,-132277.56974079483,-590540.6502878952,355001.4449504829,0.0,0.0,0.0,440014.6908208742
55,2024-10-06,-687805.5811578069,-595930.4595746079,1703430.284789897,-3015424.6288394486,1847697.2901061713,1166037.4890838652,-1268733.6539627092,3527080.0661395444,1256662.1355076816,-1223067.5291304002,3463323.502397034,-90624.64642381623,-513793.1647584104,369110.0774165991,0.0,0.0,0.0,478231.9079260583
56,2024-10-13,-691241.2873917945,-581203.190731828,1758257.0881294515,-3036800.4342994997,1843877.1490483547,1193437.0066333278,-1234851.9889808348,3541982.68447918,1256662.135496133,-1223067.5291444175,3463323.502386101,-63225.12886280537,-450083.7478342392,381672.7696579837,0.0,0.0,0.0,502195.7192415333
57,2024-10-20,-694676.9936257821,-578246.359113384,1743401.1548532643,-3051259.789861582,1833555.4926164628,1200467.418495748,-1249545.737862039,3543502.0694726813,1256662.135505885,-1223067.5291449106,3463323.502386429,-56194.71701013678,-431887.7081567878,362261.4327083462,0.0,0.0,0.0,505790.4248699659
58,2024-10-27,-698112.6998597697,-569554.1888679558,1711001.2017527698,-3065198.0054542185,1821919.3852746105,1208549.3471395206,-1234621.793504857,3554308.061703742,1256662.1354943365,-1223067.5291589268,3463323.5023754966,-48112.78835481587,-398137.05829729605,359894.1540643885,0.0,0.0,0.0,510436.6472797509
59,2024-11-03,-701548.4060937573,-575559.0584382043,1720536.7514069758,-3078679.5941550713,1815457.2188812504,1226085.846093661,-1215072.0460046418,3577589.3292541173,1256662.135516529,-1223067.529122157,3463323.502403608,-30576.289422868173,-359129.7352160487,350349.18968315976,0.0,0.0,0.0,524537.4399999037
60,2024-11-10,-704984.1123277448,-542909.2608297716,1750188.12037569,-3092822.292205748,1828318.1173409924,1236861.2922217196,-1214985.484907994,3594653.7845882354,1256662.1354712392,-1223067.5291869598,3463323.502353632,-19800.84324951974,-333309.8149824438,342205.7125503171,0.0,0.0,0.0,531877.1798939748
61,2024-11-17,-708419.8185617324,-570276.6367672556,1715229.2063708475,-3107985.005455347,1840965.5506486325,1229662.786990803,-1210394.6351679573,3594460.639693308,1256662.1354934324,-1223067.5291501903,3463323.502381743,-26999.3485026294,-327487.0290677103,320792.1481659636,0.0,0.0,0.0,521242.96842907055
62,2024-11-24,-711855.52479572,-600386.5318408172,1734905.2615421917,-3123247.8772274973,1838636.9658948544,1222324.6853856433,-1248409.881601575,3587322.4319503084,1256662.1355156256,-1223067.5291134198,3463323.502409854,-34337.45012998234,-313902.91606846795,294961.923578424,0.0,0.0,0.0,510469.16058992327
63,2024-12-01,-715291.2310297077,-545771.5443139074,1737449.11781132,-3138096.631560533,1827057.2605585896,1240584.8956752303,-1238199.8700073988,3590760.425345245,1256662.1355040772,-1223067.5291274358,3463323.5023989216,-16077.239828846892,-274485.6721674698,264891.6373313022,0.0,0.0,0.0,525293.6646455226
64,2024-12-08,-718726.9372636952,-544846.7441296552,1779728.8320618873,-3153382.9035427677,1815625.7920494373,1276245.1170044865,-1208606.8846471228,3625738.778576467,1256662.1355475702,-1223067.5290771425,3463323.5024382933,19582.981456916314,-220224.93476701085,289926.3098450898,0.0,0.0,0.0,557518.1797407913
65,2024-12-15,-722162.6434976828,-525039.7979140605,1808686.5461647038,-3145562.802757285,1804376.9236543828,1283825.7588413474,-1207011.0867677955,3628918.2721830537,1256662.1355022802,-1223067.5291419467,3463323.5023883176,27163.62333906708,-190634.91794647023,270832.7564391872,0.0,0.0,0.0,561663.1153436647
66,2024-12-22,-725598.3497316703,-616407.516609488,1725743.1553300507,-3143123.451476538,1793165.9309576144,1230061.6398766378,-1239882.7100992862,3568123.298204528,1256662.1354907318,-1223067.5291559617,3463323.502377384,-26600.495614093972,-217871.45959437455,195755.94071410882,0.0,0.0,0.0,504463.2901449675
67,2024-12-29,-729034.0559656579,-695299.1022870739,1651485.9661066963,-3142042.1135660904,1797224.77767001,1140287.0784326578,-1307781.1820210926,3481574.133962723,1256662.1355004834,-1223067.5291564565,3463323.5023777126,-116375.0570678256,-295128.7581934324,78988.52990408668,0.0,0.0,0.0,411253.0224669998
68,2025-01-05,-732469.7621996455,-741815.3796817409,1539431.4084133424,-3158961.011392249,1799703.6656798003,1081592.1129361829,-1364990.3695722774,3398953.83938324,1256662.1355226762,-1223067.529119686,3463323.502405823,-175070.02258649364,-327988.08028152474,-6478.496124615776,0.0,0.0,0.0,349122.35073653737
69,2025-01-12,-735905.4684336331,-769736.2801942037,1555365.8409654764,-3193197.6271480867,1786131.0376306956,1095583.243580854,-1359695.6910323473,3385086.767326637,1256662.1355111282,-1223067.5291336998,3463323.5023948913,-161078.89193027455,-295489.6445826225,-21314.49770492699,0.0,0.0,0.0,359677.77514722093
70,2025-01-19,-739341.1746676207,-697972.4255293575,1630782.5758915301,-3236744.248514576,1773256.6636458142,1156024.2692767873,-1296062.6502512265,3421807.0474881134,1256662.1354995798,-1223067.529147719,3463323.502383959,-100637.86622279297,-219701.0529643324,20665.79313005425,0.0,0.0,0.0,416683.0946091666
71,2025-01-26,-742776.8809016083,-650165.2178633072,1653995.2288144869,-3261157.1717485883,1765146.9177213062,1200174.761409674,-1235162.1255212417,3455835.454868097,1256662.135488031,-1223067.5291617352,3463323.5023730267,-56487.37407835703,-154818.95734761452,49335.89580687179,0.0,0.0,0.0,457397.8805080658
72,2025-02-02,-746212.5871355959,-677852.4307081151,1663810.1922343317,-3270830.3787670056,1756451.8815176957,1197167.134566104,-1245016.662647905,3444202.536745734,1256662.1355102246,-1223067.5291249645,3463323.5024011373,-59495.000944120235,-128587.69472315656,10692.482939070045,0.0,0.0,0.0,450954.5474305082
73,2025-02-09,-749648.2933695833,-707287.4036342315,1630647.9778646426,-3278070.825067321,1748068.9820097291,1175134.3985506385,-1280594.2320565677,3408225.2279849118,1256662.1354649342,-1223067.5291897682,3463323.502351161,-81527.73691429605,-134286.64014952182,-29150.500839929293,0.0,0.0,0.0,425486.10518105514
74,2025-02-16,-753083.9996035709,-655603.3939059724,1615694.3078306215,-3311476.6512195393,1734929.1413255169,1180271.9922498425,-1251576.292305989,3393716.1212946586,1256662.1355084274,-1223067.5291394752,3463323.5023905337,-76390.14325858516,-110244.70939034512,-42852.700062376236,0.0,0.0,0.0,427187.9926462716
75,2025-02-23,-756519.7058375586,-643989.2706269273,1656598.824024082,-3352053.3075531153,1739808.3926421392,1221297.6263241887,-1236717.1794360057,3383851.789114851,1256662.135496879,-1223067.5291534914,3463323.5023796004,-35364.50917269059,-52728.09095555452,-16229.024394261627,0.0,0.0,0.0,464777.92048663006
76,2025-03-02,-759955.4120715462,-616732.4101680091,1667798.0325588651,-3392802.0266586016,1749727.1683269455,1264857.8871880113,-1209512.8243316014,3398851.345391875,1256662.1355190724,-1223067.5291167195,3463323.502407712,8195.751668938885,-18441.33253000335,34143.90972069643,0.0,0.0,0.0,504902.4751164651
77,2025-03-09,-763391.1183055338,-603573.0673030574,1697664.1130972619,-3432661.196742288,1777401.098324476,1280927.5485221895,-1229452.810462477,3405473.8111791345,1256662.135541265,-1223067.5290799513,3463323.502435822,24265.412980924255,-17270.42495199775,69596.23516718445,0.0,0.0,0.0,517536.4302166557
78,2025-03-16,-766826.8245395214,-596860.3878603559,1690218.120938837,-3446067.1685363846,1753156.9407491195,1277597.233370784,-1264496.4559413204,3393942.661071889,1256662.1354959754,-1223067.5291447535,3463323.5023858463,20935.097874808787,-40464.47981003783,85952.7698323277,0.0,0.0,0.0,510770.4088312626
79,2025-03-23,-770262.530773509,-597728.0734579847,1715765.8342723246,-3447995.2305076546,1735173.9803315366,1283904.1312607215,-1284088.9583957207,3381669.378858955,1256662.135518168,-1223067.5291079837,3463323.5024139574,27241.995742553474,-62899.63601309859,116875.81125117301,0.0,0.0,0.0,513641.60048721253
80,2025-03-30,-773698.2370074965,-537920.2516704453,1729848.4692637771,-3463543.694259716,1744192.6578854609,1308035.2514891962,-1274961.2200329688,3391258.571677185,1256662.13550662,-1223067.5291220015,3463323.5024030255,51373.1159825762,-61956.20853500415,160522.2916311066,0.0,0.0,0.0,534337.0144816997
81,2025-04-06,-777133.943241484,-542703.333989009,1757342.8392653929,-3495321.4451487246,1752294.248517576,1327211.2500728352,-1288791.9399954688,3438222.4129547197,1256662.1355163718,-1223067.5291224932,3463323.5024033533,70549.11455646355,-68081.1650851808,190622.7238731073,0.0,0.0,0.0,550077.3068313512
82,2025-04-13,-780569.6494754716,-527471.5432292381,1722133.1645420762,-3511307.3695473257,1750409.9597747806,1320735.1090345248,-1293337.6332164588,3457140.645860945,1256662.1355048225,-1223067.529136511,3463323.50239242,64072.97352970203,-96114.95765056236,213069.90825807402,0.0,0.0,0.0,540165.4595590532
83,2025-04-20,-784005.3557094592,-584097.0242723456,1708517.973958712,-3511830.3617044846,1744024.4633083167,1300369.5114551052,-1308704.5516445483,3433139.8283891017,1256662.1354932745,-1223067.5291505284,3463323.5023814887,43707.375961830374,-144273.84097390698,206904.64863849364,0.0,0.0,0.0,516364.155745646
84,2025-04-27,-787441.0619434468,-577942.9258279346,1694764.3176438527,-3535803.6865311954,1737759.186495356,1296954.1212043744,-1304561.7098424148,3407718.693416888,1256662.1355030262,-1223067.52915102,3463323.5023818156,40291.98570134789,-160084.4009252509,223667.64696166606,0.0,0.0,0.0,509513.0592609276
85,2025-05-04,-790876.7681774345,-532062.0887780035,1747197.3458931006,-3546970.863187288,1731433.5366621555,1320772.4455465586,-1278989.420476732,3385753.0389928473,1256662.1355252194,-1223067.5291142492,3463323.502409927,64110.31002133913,-159672.53739624325,269295.7418699781,0.0,0.0,0.0,529895.6773691241
86,2025-05-11,-794312.474411422,-526896.918596139,1733666.4451728747,-3558342.439557144,1720142.6435582354,1347844.0715215022,-1208917.1595930122,3413072.325893461,1256662.1354799296,-1223067.5291790543,3463323.502359951,91181.93604157295,-159215.07479157063,310272.8261944464,0.0,0.0,0.0,553531.5971100802
87,2025-05-18,-797748.1806454096,-541076.3167438158,1737818.1085674865,-3593051.9639890036,1705600.4098587623,1350170.9316225075,-1186367.0021080165,3422086.3655014574,1256662.1355021226,-1223067.5291422834,3463323.5023880624,93508.79612038516,-180014.03754522442,329464.17067133525,0.0,0.0,0.0,552422.7509770979
88,2025-05-25,-801183.8868793971,-582592.5364025531,1744796.274501593,-3626351.377359117,1689563.1978226937,1330573.8339902645,-1195609.242337172,3448311.552176582,1256662.1354905737,-1223067.5291562998,3463323.50237713,73911.69849969055,-230763.22612726342,338295.9191553936,0.0,0.0,0.0,529389.9471108674
89,2025-06-01,-804619.5931133847,-584260.4017284109,1712009.6690782374,-3659267.397414721,1686184.885972336,1317290.3704499106,-1206637.9742820004,3483264.322741011,1256662.1355127667,-1223067.5291195302,3463323.5024052407,60628.23493714348,-259706.8684407678,332722.89175900305,0.0,0.0,0.0,512670.77733652596
90,2025-06-08,-808055.2993473723,-576162.6389366727,1734055.947699975,-3692042.6023296807,1696350.684705133,1326411.342081153,-1213354.9580433844,3546785.479164519,1256662.1355012185,-1223067.5291335455,3463323.5023943083,69749.20657993457,-278987.3252105428,368875.9793770154,0.0,0.0,0.0,518356.0427337808
91,2025-06-15,-811491.0055813598,-528750.5162708085,1726609.9334933315,-3724817.807244639,1683216.2497121678,1341702.0050740752,-1191075.4529911666,3635122.647843508,1256662.1355109701,-1223067.5291340398,3463323.502394636,85039.86956310492,-290518.46936603397,406765.74618998653,0.0,0.0,0.0,530210.9994927153
92,2025-06-22,-814926.7118153474,-561098.8729475618,1708645.40339358,-3765621.082498932,1682847.3969486016,1337379.3291842865,-1171719.8616778427,3668850.659346275,1256662.135499422,-1223067.5291480564,3463323.5023837043,80717.19368486475,-319189.16907080665,434227.58467260154,0.0,0.0,0.0,522452.6173689391
93,2025-06-29,-818362.418049335,-593796.4625979436,1672446.8607189097,-3813922.459044043,1680346.9752719286,1312397.0504181276,-1192436.661846775,3637985.1700345865,1256662.1355216152,-1223067.529111285,3463323.5024118153,55734.914896512615,-356821.66855885054,426548.0835044792,0.0,0.0,0.0,494034.63236879255
94,2025-07-06,-821798.1242833227,-582011.3342806572,1717235.8193014655,-3823312.9188711364,1672135.810301693,1290392.211740026,-1204410.4815479203,3618618.4466355196,1256662.135476325,-1223067.52917609,3463323.5023618387,33730.07626370111,-396199.40818108723,433914.82369230373,0.0,0.0,0.0,468594.0874567033
95,2025-07-13,-825233.8305173101,-595188.6572300562,1651314.8212725185,-3856350.3929302227,1663621.8629081948,1286556.6411149695,-1205866.6081002299,3613959.009130717,1256662.1355198182,-1223067.5291257957,3463323.502401211,29894.50559515168,-426139.421609692,457813.2745752493,0.0,0.0,0.0,461322.81059765944
96,2025-07-20,-828669.5367512979,-632047.3140852586,1681713.2415338547,-3884774.717845328,1659839.0405035096,1288098.884689317,-1235643.5914134814,3586764.8296369216,1256662.1354745282,-1223067.5291906006,3463323.502351234,31436.749214789197,-454487.2935359649,491821.9817567622,0.0,0.0,0.0,459429.3479380192
97,2025-07-27,-832105.2429852854,-616812.6512820097,1649423.7609813882,-3908247.548662586,1681911.9483488463,1276799.6879639672,-1247238.4072757752,3500042.681153862,1256662.1354967211,-1223067.5291538287,3463323.5023793457,20137.55246724589,-510170.7319629094,499419.2576542221,0.0,0.0,0.0,444694.44497868186
98,2025-08-03,-835540.9492192729,-636185.2836849752,1661287.3241483434,-3922955.09149188,1704232.117479553,1263094.770413543,-1249443.5243441572,3487281.0819028434,1256662.1355189146,-1223067.5291170592,3463323.502407457,6432.634894628702,-537189.7907486474,490478.5468036032,0.0,0.0,0.0,427553.82119427016
